instagram,facebook,twitter,linkedin,average
#nyc ,#newyork,#newyork,#newyork,#nyc 
#newyork,#nyc ,#nyc ,#nyc ,#newyork
#deliver,#deliveryservice,#ondemand,#ondemand,#deliver
#deliveryservice,#deliveryfood,#deliveryservice,#deliveryservice,#deliveryservice
#deliveryfood,#deliver,#deliver,#deliver,#deliveryfood
#ondemand,#ondemand,#fastdelivery,#fastdelivery,#ondemand
#fastdelivery,#fastdelivery,#deliveryfood,#deliveryfood,#fastdelivery
#localdelivery,#localdelivery,#localdelivery,#localdelivery,#localdelivery
#nycdelivery,#localdeliveryavailable,#nycdelivery,#nycdelivery,#nycdelivery
#localdeliveryavailable,#localdeliveryservice,#localdeliveryavailable,#localdeliveryavailable,#localdeliveryavailable
#deliverynyc,#deliverynyc,#localdeliveryservice,#localdeliveryservice,#deliverynyc
#localdeliveryservice,#nycdelivery,#deliverynyc,#deliverynyc,#localdeliveryservice
